verein,jahrgang,distanz,name, geschlecht
1ISV Heinrich Haus askdjsadl,1984,10km, Marcus Mustermann, weiblich
ISV,1984,10km, Marcus Mustermann, weiblich
ISV,1984,10km, Marcus Mustermann, weiblich
ISV,1984,10km, Marcus Mustermann, weiblich
ISV,1984,10km, Marcus Mustermann, weiblich
ISV,1984,10km, Marcus Mustermann, weiblich
ISV,1984,10km, Marcus Mustermann, weiblich
ISV,1984,10km, Marcus Mustermann, weiblich
ISV,1984,10km, Marcus Mustermann, weiblich
ISV,1984,10km, Marcus Mustermann, weiblich
ISV,1984,10km, Marcus Mustermann, weiblich
ISV,1984,10km, Marcus Mustermann, weiblich
ISV,1984,10km, Marcus Mustermann, weiblich
ISV,1984,10km, Marcus Mustermann, weiblich
ISV,1984,10km, Marcus Mustermann, weiblich
ISV,1984,10km, Marcus Mustermann, weiblich
ISV,1984,10km, Marcus Mustermann, weiblich
ISV,1984,10km, Marcus Mustermann, weiblich
ISV,1984,10km, Marcus Mustermann, weiblich
ISV,1984,10km, Marcus Mustermann, weiblich
ISV,1984,10km, Marcus Mustermann, weiblich
ISV,1984,10km, Marcus Mustermann, weiblich
ISV,1984,10km, Marcus Mustermann, weiblich
ISV,1984,10km, Marcus Mustermann, weiblich
ISV,1984,10km, Marcus Mustermann, weiblich
ISV,1984,10km, Marcus Mustermann, weiblich
ISV,1984,10km, Marcus Mustermann, weiblich
ISV,1984,10km, Marcus Mustermann, weiblich
ISV,1984,10km, Marcus Mustermann, weiblich
ISV,1984,10km, Marcus Mustermann, weiblich
ISV,1984,10km, Marcus Mustermann, weiblich
ISV,1984,10km, Marcus Mustermann, weiblich
ISV,1984,10km, Marcus Mustermann, weiblich
ISV,1984,10km, Marcus Mustermann, weiblich
ISV,1984,10km, Marcus Mustermann, weiblich
ISV,1984,10km, Marcus Mustermann, weiblich
ISV,1984,10km, Marcus Mustermann, weiblich
ISV,1984,10km, Marcus Mustermann, weiblich
ISV,1984,10km, Marcus Mustermann, weiblich
ISV,1984,10km, Marcus Mustermann, weiblich
ISV,1984,10km, Marcus Mustermann, weiblich
ISV,1984,10km, Marcus Mustermann, weiblich
ASV,984,10km, Marcus Mustermann, weiblich
ASV,84,210km, Marcus Mustermann, weiblich
BSV,1984,120km, Marcus Mustermann, weiblich
ASV,1984,210km, rcus termann, weiblich